community_id,community_size,dominant_experience_level,entry_accessibility,community_label,defining_skills,defining_responsibility_signals,confidence,level_agreement,access_agreement,label_agreement,overall_agreement,calls_used,top_title_keywords,raw_call_outputs,batch_id
400,32,mid,moderate_entry_barrier,HOA Management,"['community management', 'association management', 'HOA management']","['onsite assistant', 'manager']",medium,1.0,1.0,0.333,0.778,3,"onsite, manager, community, association, atx2024, maintenance, assistant, ofl2024, general, technician, eco2024, hoa","[{""community_id"": 400, ""dominant_experience_level"": ""mid"", ""entry_accessibility"": ""moderate_entry_barrier"", ""community_label"": ""HOA Management"", ""defining_skills"": [""community management"", ""association management"", ""part-time work""], ""defining_responsibility_signals"": [""onsite assistant"", ""manager""], ""confidence"": ""medium"", ""rep_rank"": 1, ""attempt"": 1, ""raw_output"": ""{\""community_id\"": 400, \""dominant_experience_level\"": \""mid\"", \""entry_accessibility\"": \""moderate_entry_barrier\"", \""community_label\"": \""HOA Management\"", \""defining_skills\"": [\""community management\"", \""association management\"", \""part-time work\""], \""defining_responsibility_signals\"": [\""onsite assistant\"", \""manager\""], \""confidence\"": \""medium\""}""}, {""community_id"": 400, ""dominant_experience_level"": ""mid"", ""entry_accessibility"": ""moderate_entry_barrier"", ""community_label"": ""HOA Association Manager"", ""defining_skills"": [""community management"", ""association management"", ""HOA management""], ""defining_responsibility_signals"": [""manage community"", ""support team members""], ""confidence"": ""medium"", ""rep_rank"": 2, ""attempt"": 1, ""raw_output"": ""{\""community_id\"": 400, \""dominant_experience_level\"": \""mid\"", \""entry_accessibility\"": \""moderate_entry_barrier\"", \""community_label\"": \""HOA Association Manager\"", \""defining_skills\"": [\""community management\"", \""association management\"", \""HOA management\""], \""defining_responsibility_signals\"": [\""manage community\"", \""support team members\""], \""confidence\"": \""medium\""}""}, {""community_id"": 400, ""dominant_experience_level"": ""mid"", ""entry_accessibility"": ""moderate_entry_barrier"", ""community_label"": ""HOA Community Manager"", ""defining_skills"": [""HOA management"", ""technology-based"", ""career advancement""], ""defining_responsibility_signals"": [""manage"", ""lead team""], ""confidence"": ""medium"", ""rep_rank"": 3, ""attempt"": 1, ""raw_output"": ""{\""community_id\"": 400, \""dominant_experience_level\"": \""mid\"", \""entry_accessibility\"": \""moderate_entry_barrier\"", \""community_label\"": \""HOA Community Manager\"", \""defining_skills\"": [\""HOA management\"", \""technology-based\"", \""career advancement\""], \""defining_responsibility_signals\"": [\""manage\"", \""lead team\""], \""confidence\"": \""medium\""}""}]",17
401,32,mid,moderate_entry_barrier,Fitness Specialists,"['health fitness', 'exercise', 'group instructor']","['supervise and monitor exercise', 'help members meet healthy living goals']",medium,1.0,1.0,0.667,0.889,3,"fitness, specialist, trainer, personal, exercise, substitute, group, instructor, health, manager, lead, training","[{""community_id"": 401, ""dominant_experience_level"": ""mid"", ""entry_accessibility"": ""moderate_entry_barrier"", ""community_label"": ""Fitness Specialists"", ""defining_skills"": [""health fitness"", ""exercise"", ""group instructor""], ""defining_responsibility_signals"": [""supervise and monitor exercise"", ""help members meet healthy living goals""], ""confidence"": ""medium"", ""rep_rank"": 1, ""attempt"": 1, ""raw_output"": ""{\""community_id\"": 401, \""dominant_experience_level\"": \""mid\"", \""entry_accessibility\"": \""moderate_entry_barrier\"", \""community_label\"": \""Fitness Specialists\"", \""defining_skills\"": [\""health fitness\"", \""exercise\"", \""group instructor\""], \""defining_responsibility_signals\"": [\""supervise and monitor exercise\"", \""help members meet healthy living goals\""], \""confidence\"": \""medium\""}""}, {""community_id"": 401, ""dominant_experience_level"": ""mid"", ""entry_accessibility"": ""moderate_entry_barrier"", ""community_label"": ""Fitness Specialists"", ""defining_skills"": [""health fitness"", ""exercise"", ""group training""], ""defining_responsibility_signals"": [""supervise exercise participants"", ""help members meet health goals""], ""confidence"": ""medium"", ""rep_rank"": 2, ""attempt"": 1, ""raw_output"": ""{\""community_id\"": 401, \""dominant_experience_level\"": \""mid\"", \""entry_accessibility\"": \""moderate_entry_barrier\"", \""community_label\"": \""Fitness Specialists\"", \""defining_skills\"": [\""health fitness\"", \""exercise\"", \""group training\""], \""defining_responsibility_signals\"": [\""supervise exercise participants\"", \""help members meet health goals\""], \""confidence\"": \""medium\""}""}, {""community_id"": 401, ""dominant_experience_level"": ""mid"", ""entry_accessibility"": ""moderate_entry_barrier"", ""community_label"": ""Fitness Trainers"", ""defining_skills"": [""personal training"", ""group exercise"", ""client acquisition""], ""defining_responsibility_signals"": [""deliver positive fitness experience"", ""lead small group training sessions""], ""confidence"": ""medium"", ""rep_rank"": 3, ""attempt"": 1, ""raw_output"": ""{\""community_id\"": 401, \""dominant_experience_level\"": \""mid\"", \""entry_accessibility\"": \""moderate_entry_barrier\"", \""community_label\"": \""Fitness Trainers\"", \""defining_skills\"": [\""personal training\"", \""group exercise\"", \""client acquisition\""], \""defining_responsibility_signals\"": [\""deliver positive fitness experience\"", \""lead small group training sessions\""], \""confidence\"": \""medium\""}""}]",17
402,32,mid,moderate_entry_barrier,Medical Customer Service,"['phlebotomy', 'donor screening', 'medical training']","['paid training', 'medical customer service']",medium,1.0,1.0,0.333,0.778,3,"center, phlebotomist, training, nurse, medical, required, manager, relocation, entry, donor, plasma, screener","[{""community_id"": 402, ""dominant_experience_level"": ""mid"", ""entry_accessibility"": ""moderate_entry_barrier"", ""community_label"": ""Medical Customer Service"", ""defining_skills"": [""medical customer service"", ""training"", ""donor screener""], ""defining_responsibility_signals"": [""paid training"", ""medical customer service""], ""confidence"": ""medium"", ""rep_rank"": 1, ""attempt"": 1, ""raw_output"": ""{\""community_id\"": 402, \""dominant_experience_level\"": \""mid\"", \""entry_accessibility\"": \""moderate_entry_barrier\"", \""community_label\"": \""Medical Customer Service\"", \""defining_skills\"": [\""medical customer service\"", \""training\"", \""donor screener\""], \""defining_responsibility_signals\"": [\""paid training\"", \""medical customer service\""], \""confidence\"": \""medium\""}""}, {""community_id"": 402, ""dominant_experience_level"": ""mid"", ""entry_accessibility"": ""moderate_entry_barrier"", ""community_label"": ""Medical Donor Center"", ""defining_skills"": [""phlebotomy"", ""donor screening"", ""medical training""], ""defining_responsibility_signals"": [""manage donors"", ""ensure safety""], ""confidence"": ""medium"", ""rep_rank"": 2, ""attempt"": 1, ""raw_output"": ""{\""community_id\"": 402, \""dominant_experience_level\"": \""mid\"", \""entry_accessibility\"": \""moderate_entry_barrier\"", \""community_label\"": \""Medical Donor Center\"", \""defining_skills\"": [\""phlebotomy\"", \""donor screening\"", \""medical training\""], \""defining_responsibility_signals\"": [\""manage donors\"", \""ensure safety\""], \""confidence\"": \""medium\""}""}, {""community_id"": 402, ""dominant_experience_level"": ""mid"", ""entry_accessibility"": ""moderate_entry_barrier"", ""community_label"": ""Plasma Center Staff"", ""defining_skills"": [""phlebotomy"", ""donor screening"", ""medical training""], ""defining_responsibility_signals"": [""assist in medical procedures"", ""maintain donor records""], ""confidence"": ""medium"", ""rep_rank"": 3, ""attempt"": 1, ""raw_output"": ""{\""community_id\"": 402, \""dominant_experience_level\"": \""mid\"", \""entry_accessibility\"": \""moderate_entry_barrier\"", \""community_label\"": \""Plasma Center Staff\"", \""defining_skills\"": [\""phlebotomy\"", \""donor screening\"", \""medical training\""], \""defining_responsibility_signals\"": [\""assist in medical procedures\"", \""maintain donor records\""], \""confidence\"": \""medium\""}""}]",17
403,31,mid,moderate_entry_barrier,Sales & Business Development,"['customer service', 'sales', 'business development']","['implement', 'maintain']",medium,0.667,0.667,0.333,0.556,3,"sales, representative, customer, specialist, development, business, support, inside, service, manager, director, lead","[{""community_id"": 403, ""dominant_experience_level"": ""mid"", ""entry_accessibility"": ""moderate_entry_barrier"", ""community_label"": ""Sales & Business Development"", ""defining_skills"": [""sales"", ""business development"", ""customer service""], ""defining_responsibility_signals"": [""implement"", ""maintain""], ""confidence"": ""medium"", ""rep_rank"": 1, ""attempt"": 1, ""raw_output"": ""{\""community_id\"": 403, \""dominant_experience_level\"": \""mid\"", \""entry_accessibility\"": \""moderate_entry_barrier\"", \""community_label\"": \""Sales & Business Development\"", \""defining_skills\"": [\""sales\"", \""business development\"", \""customer service\""], \""defining_responsibility_signals\"": [\""implement\"", \""maintain\""], \""confidence\"": \""medium\""}""}, {""community_id"": 403, ""dominant_experience_level"": ""junior"", ""entry_accessibility"": ""clear_entry_point"", ""community_label"": ""Customer Service Representatives"", ""defining_skills"": [""customer service"", ""inquiry resolution"", ""technology usage""], ""defining_responsibility_signals"": [""triage incoming inquiries"", ""address root cause""], ""confidence"": ""medium"", ""rep_rank"": 2, ""attempt"": 1, ""raw_output"": ""{\""community_id\"": 403, \""dominant_experience_level\"": \""junior\"", \""entry_accessibility\"": \""clear_entry_point\"", \""community_label\"": \""Customer Service Representatives\"", \""defining_skills\"": [\""customer service\"", \""inquiry resolution\"", \""technology usage\""], \""defining_responsibility_signals\"": [\""triage incoming inquiries\"", \""address root cause\""], \""confidence\"": \""medium\""}""}, {""community_id"": 403, ""dominant_experience_level"": ""mid"", ""entry_accessibility"": ""moderate_entry_barrier"", ""community_label"": ""Sales & Customer Service"", ""defining_skills"": [""sales"", ""customer service"", ""business development""], ""defining_responsibility_signals"": [""representative"", ""support""], ""confidence"": ""medium"", ""rep_rank"": 3, ""attempt"": 1, ""raw_output"": ""{\""community_id\"": 403, \""dominant_experience_level\"": \""mid\"", \""entry_accessibility\"": \""moderate_entry_barrier\"", \""community_label\"": \""Sales & Customer Service\"", \""defining_skills\"": [\""sales\"", \""customer service\"", \""business development\""], \""defining_responsibility_signals\"": [\""representative\"", \""support\""], \""confidence\"": \""medium\""}""}]",17
404,31,junior,clear_entry_point,Inventory Control Clerks,"['inventory management', 'record keeping', 'training others']","['follow procedures', 'verify inventory changes']",high,1.0,1.0,0.333,0.778,3,"inventory, specialist, control, clerk, supply, chain, operator, analyst, cycle, counter, forklift, production","[{""community_id"": 404, ""dominant_experience_level"": ""junior"", ""entry_accessibility"": ""clear_entry_point"", ""community_label"": ""Inventory Control Clerks"", ""defining_skills"": [""inventory management"", ""record keeping"", ""training others""], ""defining_responsibility_signals"": [""follow procedures"", ""verify inventory changes""], ""confidence"": ""high"", ""rep_rank"": 1, ""attempt"": 1, ""raw_output"": ""{\""community_id\"": 404, \""dominant_experience_level\"": \""junior\"", \""entry_accessibility\"": \""clear_entry_point\"", \""community_label\"": \""Inventory Control Clerks\"", \""defining_skills\"": [\""inventory management\"", \""record keeping\"", \""training others\""], \""defining_responsibility_signals\"": [\""follow procedures\"", \""verify inventory changes\""], \""confidence\"": \""high\""}""}, {""community_id"": 404, ""dominant_experience_level"": ""junior"", ""entry_accessibility"": ""clear_entry_point"", ""community_label"": ""Inventory Control"", ""defining_skills"": [""inventory management"", ""supply chain"", ""forklift operation""], ""defining_responsibility_signals"": [""inventory control"", ""supply chain management""], ""confidence"": ""high"", ""rep_rank"": 2, ""attempt"": 1, ""raw_output"": ""{\""community_id\"": 404, \""dominant_experience_level\"": \""junior\"", \""entry_accessibility\"": \""clear_entry_point\"", \""community_label\"": \""Inventory Control\"", \""defining_skills\"": [\""inventory management\"", \""supply chain\"", \""forklift operation\""], \""defining_responsibility_signals\"": [\""inventory control\"", \""supply chain management\""], \""confidence\"": \""high\""}""}, {""community_id"": 404, ""dominant_experience_level"": ""junior"", ""entry_accessibility"": ""clear_entry_point"", ""community_label"": ""Supply Chain Clerks"", ""defining_skills"": [""inventory management"", ""supply chain operations"", ""warehouse equipment""], ""defining_responsibility_signals"": [""execute tasks"", ""follow procedures""], ""confidence"": ""medium"", ""rep_rank"": 3, ""attempt"": 1, ""raw_output"": ""{\""community_id\"": 404, \""dominant_experience_level\"": \""junior\"", \""entry_accessibility\"": \""clear_entry_point\"", \""community_label\"": \""Supply Chain Clerks\"", \""defining_skills\"": [\""inventory management\"", \""supply chain operations\"", \""warehouse equipment\""], \""defining_responsibility_signals\"": [\""execute tasks\"", \""follow procedures\""], \""confidence\"": \""medium\""}""}]",17
405,31,senior,moderate_entry_barrier,Sales Management,"['business development', 'sales', 'operations management']","['lead', 'manage teams']",high,0.667,0.667,0.333,0.556,3,"manager, sales, regional, business, senior, development, operations, director, program, management, tech, vice","[{""community_id"": 405, ""dominant_experience_level"": ""mid"", ""entry_accessibility"": ""moderate_entry_barrier"", ""community_label"": ""Sales Management"", ""defining_skills"": [""sales"", ""business development"", ""operations management""], ""defining_responsibility_signals"": [""lead"", ""manage teams""], ""confidence"": ""high"", ""rep_rank"": 1, ""attempt"": 1, ""raw_output"": ""{\""community_id\"": 405, \""dominant_experience_level\"": \""mid\"", \""entry_accessibility\"": \""moderate_entry_barrier\"", \""community_label\"": \""Sales Management\"", \""defining_skills\"": [\""sales\"", \""business development\"", \""operations management\""], \""defining_responsibility_signals\"": [\""lead\"", \""manage teams\""], \""confidence\"": \""high\""}""}, {""community_id"": 405, ""dominant_experience_level"": ""senior"", ""entry_accessibility"": ""restricted_entry_point"", ""community_label"": ""Senior Business Development"", ""defining_skills"": [""business development"", ""program management"", ""pipeline development""], ""defining_responsibility_signals"": [""leadership"", ""strategic planning""], ""confidence"": ""high"", ""rep_rank"": 2, ""attempt"": 1, ""raw_output"": ""{\""community_id\"": 405, \""dominant_experience_level\"": \""senior\"", \""entry_accessibility\"": \""restricted_entry_point\"", \""community_label\"": \""Senior Business Development\"", \""defining_skills\"": [\""business development\"", \""program management\"", \""pipeline development\""], \""defining_responsibility_signals\"": [\""leadership\"", \""strategic planning\""], \""confidence\"": \""high\""}""}, {""community_id"": 405, ""dominant_experience_level"": ""senior"", ""entry_accessibility"": ""moderate_entry_barrier"", ""community_label"": ""Senior Supply Chain Management"", ""defining_skills"": [""supply chain management"", ""leadership"", ""strategic planning""], ""defining_responsibility_signals"": [""define direction"", ""make strategic decisions""], ""confidence"": ""high"", ""rep_rank"": 3, ""attempt"": 1, ""raw_output"": ""{\""community_id\"": 405, \""dominant_experience_level\"": \""senior\"", \""entry_accessibility\"": \""moderate_entry_barrier\"", \""community_label\"": \""Senior Supply Chain Management\"", \""defining_skills\"": [\""supply chain management\"", \""leadership\"", \""strategic planning\""], \""defining_responsibility_signals\"": [\""define direction\"", \""make strategic decisions\""], \""confidence\"": \""high\""}""}]",17
406,31,mid,moderate_entry_barrier,Key Account Managers,"['account management', 'sales', 'customer success']","['manage key accounts', 'drive revenue']",medium,1.0,1.0,0.333,0.778,3,"account, manager, key, customer, automotive, sales, commercial, success, executive, coordinator, construction, mso","[{""community_id"": 406, ""dominant_experience_level"": ""mid"", ""entry_accessibility"": ""moderate_entry_barrier"", ""community_label"": ""Key Account Managers"", ""defining_skills"": [""account management"", ""sales"", ""customer relationship""], ""defining_responsibility_signals"": [""drive revenue"", ""identify opportunities""], ""confidence"": ""high"", ""rep_rank"": 1, ""attempt"": 1, ""raw_output"": ""{\""community_id\"": 406, \""dominant_experience_level\"": \""mid\"", \""entry_accessibility\"": \""moderate_entry_barrier\"", \""community_label\"": \""Key Account Managers\"", \""defining_skills\"": [\""account management\"", \""sales\"", \""customer relationship\""], \""defining_responsibility_signals\"": [\""drive revenue\"", \""identify opportunities\""], \""confidence\"": \""high\""}""}, {""community_id"": 406, ""dominant_experience_level"": ""mid"", ""entry_accessibility"": ""moderate_entry_barrier"", ""community_label"": ""Automotive Sales Managers"", ""defining_skills"": [""account management"", ""customer success"", ""sales strategy""], ""defining_responsibility_signals"": [""manage key accounts"", ""drive commercial success""], ""confidence"": ""medium"", ""rep_rank"": 2, ""attempt"": 1, ""raw_output"": ""{\""community_id\"": 406, \""dominant_experience_level\"": \""mid\"", \""entry_accessibility\"": \""moderate_entry_barrier\"", \""community_label\"": \""Automotive Sales Managers\"", \""defining_skills\"": [\""account management\"", \""customer success\"", \""sales strategy\""], \""defining_responsibility_signals\"": [\""manage key accounts\"", \""drive commercial success\""], \""confidence\"": \""medium\""}""}, {""community_id"": 406, ""dominant_experience_level"": ""mid"", ""entry_accessibility"": ""moderate_entry_barrier"", ""community_label"": ""Account Managers"", ""defining_skills"": [""account management"", ""customer success"", ""sales""], ""defining_responsibility_signals"": [""manage key accounts"", ""coordinate with teams""], ""confidence"": ""medium"", ""rep_rank"": 3, ""attempt"": 1, ""raw_output"": ""{\""community_id\"": 406, \""dominant_experience_level\"": \""mid\"", \""entry_accessibility\"": \""moderate_entry_barrier\"", \""community_label\"": \""Account Managers\"", \""defining_skills\"": [\""account management\"", \""customer success\"", \""sales\""], \""defining_responsibility_signals\"": [\""manage key accounts\"", \""coordinate with teams\""], \""confidence\"": \""medium\""}""}]",17
407,31,mid,moderate_entry_barrier,Supply Chain Management,"['procurement', 'supply chain', 'logistics']","['implement processes', 'coordinate teams']",medium,1.0,1.0,1.0,1.0,3,"supply, chain, manager, specialist, procurement, senior, management, support, administrator, administrative, coordinator, analyst","[{""community_id"": 407, ""dominant_experience_level"": ""mid"", ""entry_accessibility"": ""moderate_entry_barrier"", ""community_label"": ""Supply Chain Management"", ""defining_skills"": [""procurement"", ""supply chain"", ""logistics""], ""defining_responsibility_signals"": [""implement processes"", ""coordinate teams""], ""confidence"": ""medium"", ""rep_rank"": 1, ""attempt"": 1, ""raw_output"": ""{\""community_id\"": 407, \""dominant_experience_level\"": \""mid\"", \""entry_accessibility\"": \""moderate_entry_barrier\"", \""community_label\"": \""Supply Chain Management\"", \""defining_skills\"": [\""procurement\"", \""supply chain\"", \""logistics\""], \""defining_responsibility_signals\"": [\""implement processes\"", \""coordinate teams\""], \""confidence\"": \""medium\""}""}, {""community_id"": 407, ""dominant_experience_level"": ""mid"", ""entry_accessibility"": ""moderate_entry_barrier"", ""community_label"": ""Supply Chain Management"", ""defining_skills"": [""procurement"", ""supply chain"", ""specialist""], ""defining_responsibility_signals"": [""coordinate"", ""support""], ""confidence"": ""medium"", ""rep_rank"": 2, ""attempt"": 1, ""raw_output"": ""{\""community_id\"": 407, \""dominant_experience_level\"": \""mid\"", \""entry_accessibility\"": \""moderate_entry_barrier\"", \""community_label\"": \""Supply Chain Management\"", \""defining_skills\"": [\""procurement\"", \""supply chain\"", \""specialist\""], \""defining_responsibility_signals\"": [\""coordinate\"", \""support\""], \""confidence\"": \""medium\""}""}, {""community_id"": 407, ""dominant_experience_level"": ""mid"", ""entry_accessibility"": ""moderate_entry_barrier"", ""community_label"": ""Supply Chain Management"", ""defining_skills"": [""manufacturing planning"", ""capacity routing"", ""work center allocation""], ""defining_responsibility_signals"": [""define and regulate bowlers for schedule attainment"", ""load the work center""], ""confidence"": ""medium"", ""rep_rank"": 3, ""attempt"": 1, ""raw_output"": ""{\""community_id\"": 407, \""dominant_experience_level\"": \""mid\"", \""entry_accessibility\"": \""moderate_entry_barrier\"", \""community_label\"": \""Supply Chain Management\"", \""defining_skills\"": [\""manufacturing planning\"", \""capacity routing\"", \""work center allocation\""], \""defining_responsibility_signals\"": [\""define and regulate bowlers for schedule attainment\"", \""load the work center\""], \""confidence\"": \""medium\""}""}]",17
408,31,junior,moderate_entry_barrier,Physical Therapy Assistants,"['patient care', 'physical therapy', 'therapy techniques']","['assist physical therapists', 'provide patient care']",medium,1.0,1.0,0.333,0.778,3,"physical, therapist, prn, assistant, pta, medical, patient, therapy, office, services, laboratory, rehab","[{""community_id"": 408, ""dominant_experience_level"": ""junior"", ""entry_accessibility"": ""moderate_entry_barrier"", ""community_label"": ""Physical Therapy Assistants"", ""defining_skills"": [""physical therapy"", ""patient care"", ""therapy techniques""], ""defining_responsibility_signals"": [""assist physical therapists"", ""provide patient care""], ""confidence"": ""medium"", ""rep_rank"": 1, ""attempt"": 1, ""raw_output"": ""{\""community_id\"": 408, \""dominant_experience_level\"": \""junior\"", \""entry_accessibility\"": \""moderate_entry_barrier\"", \""community_label\"": \""Physical Therapy Assistants\"", \""defining_skills\"": [\""physical therapy\"", \""patient care\"", \""therapy techniques\""], \""defining_responsibility_signals\"": [\""assist physical therapists\"", \""provide patient care\""], \""confidence\"": \""medium\""}""}, {""community_id"": 408, ""dominant_experience_level"": ""junior"", ""entry_accessibility"": ""moderate_entry_barrier"", ""community_label"": ""Physical Therapist Assistants"", ""defining_skills"": [""physical therapy"", ""patient care"", ""therapy techniques""], ""defining_responsibility_signals"": [""assist physical therapists"", ""provide patient care""], ""confidence"": ""medium"", ""rep_rank"": 2, ""attempt"": 1, ""raw_output"": ""{\""community_id\"": 408, \""dominant_experience_level\"": \""junior\"", \""entry_accessibility\"": \""moderate_entry_barrier\"", \""community_label\"": \""Physical Therapist Assistants\"", \""defining_skills\"": [\""physical therapy\"", \""patient care\"", \""therapy techniques\""], \""defining_responsibility_signals\"": [\""assist physical therapists\"", \""provide patient care\""], \""confidence\"": \""medium\""}""}, {""community_id"": 408, ""dominant_experience_level"": ""junior"", ""entry_accessibility"": ""moderate_entry_barrier"", ""community_label"": ""Medical Assistants"", ""defining_skills"": [""certification"", ""patient care"", ""therapy assistance""], ""defining_responsibility_signals"": [""assist"", ""support""], ""confidence"": ""medium"", ""rep_rank"": 3, ""attempt"": 1, ""raw_output"": ""{\""community_id\"": 408, \""dominant_experience_level\"": \""junior\"", \""entry_accessibility\"": \""moderate_entry_barrier\"", \""community_label\"": \""Medical Assistants\"", \""defining_skills\"": [\""certification\"", \""patient care\"", \""therapy assistance\""], \""defining_responsibility_signals\"": [\""assist\"", \""support\""], \""confidence\"": \""medium\""}""}]",17
409,31,senior,restricted_entry_point,Strategic Sourcing Manager,"['strategic sourcing', 'supplier quality', 'project management']","['leads a team', 'oversee strategic support']",high,0.667,0.667,0.333,0.556,3,"supply, chain, manager, sourcing, procurement, planner, senior, director, specialist, strategic, intern, planning","[{""community_id"": 409, ""dominant_experience_level"": ""senior"", ""entry_accessibility"": ""restricted_entry_point"", ""community_label"": ""Strategic Sourcing Manager"", ""defining_skills"": [""strategic sourcing"", ""supplier quality"", ""project management""], ""defining_responsibility_signals"": [""leads a team"", ""oversee strategic support""], ""confidence"": ""high"", ""rep_rank"": 1, ""attempt"": 1, ""raw_output"": ""{\""community_id\"": 409, \""dominant_experience_level\"": \""senior\"", \""entry_accessibility\"": \""restricted_entry_point\"", \""community_label\"": \""Strategic Sourcing Manager\"", \""defining_skills\"": [\""strategic sourcing\"", \""supplier quality\"", \""project management\""], \""defining_responsibility_signals\"": [\""leads a team\"", \""oversee strategic support\""], \""confidence\"": \""high\""}""}, {""community_id"": 409, ""dominant_experience_level"": ""senior"", ""entry_accessibility"": ""restricted_entry_point"", ""community_label"": ""Senior Supply Chain"", ""defining_skills"": [""strategic planning"", ""supply chain optimization"", ""leadership""], ""defining_responsibility_signals"": [""develop and execute strategic plans"", ""ensure efficiency""], ""confidence"": ""high"", ""rep_rank"": 2, ""attempt"": 1, ""raw_output"": ""{\""community_id\"": 409, \""dominant_experience_level\"": \""senior\"", \""entry_accessibility\"": \""restricted_entry_point\"", \""community_label\"": \""Senior Supply Chain\"", \""defining_skills\"": [\""strategic planning\"", \""supply chain optimization\"", \""leadership\""], \""defining_responsibility_signals\"": [\""develop and execute strategic plans\"", \""ensure efficiency\""], \""confidence\"": \""high\""}""}, {""community_id"": 409, ""dominant_experience_level"": ""mid"", ""entry_accessibility"": ""moderate_entry_barrier"", ""community_label"": ""Supply Chain Management"", ""defining_skills"": [""strategic sourcing"", ""supplier quality"", ""project management""], ""defining_responsibility_signals"": [""leads a team"", ""oversee strategic support""], ""confidence"": ""high"", ""rep_rank"": 3, ""attempt"": 1, ""raw_output"": ""{\""community_id\"": 409, \""dominant_experience_level\"": \""mid\"", \""entry_accessibility\"": \""moderate_entry_barrier\"", \""community_label\"": \""Supply Chain Management\"", \""defining_skills\"": [\""strategic sourcing\"", \""supplier quality\"", \""project management\""], \""defining_responsibility_signals\"": [\""leads a team\"", \""oversee strategic support\""], \""confidence\"": \""high\""}""}]",17
410,31,junior,clear_entry_point,Office Administrators,"['office administrator', 'assist', 'provide tools']","['assist', 'provide tools and information']",medium,1.0,0.667,1.0,0.889,3,"specialist, office, administrator, account, manager, clerk, accounts, billing, medical, collections, cycle, senior","[{""community_id"": 410, ""dominant_experience_level"": ""junior"", ""entry_accessibility"": ""moderate_entry_barrier"", ""community_label"": ""Office Administrators"", ""defining_skills"": [""office administrator"", ""assist"", ""provide tools""], ""defining_responsibility_signals"": [""all-purpose duties"", ""front office teammates""], ""confidence"": ""medium"", ""rep_rank"": 1, ""attempt"": 1, ""raw_output"": ""{\""community_id\"": 410, \""dominant_experience_level\"": \""junior\"", \""entry_accessibility\"": \""moderate_entry_barrier\"", \""community_label\"": \""Office Administrators\"", \""defining_skills\"": [\""office administrator\"", \""assist\"", \""provide tools\""], \""defining_responsibility_signals\"": [\""all-purpose duties\"", \""front office teammates\""], \""confidence\"": \""medium\""}""}, {""community_id"": 410, ""dominant_experience_level"": ""junior"", ""entry_accessibility"": ""clear_entry_point"", ""community_label"": ""Office Administrators"", ""defining_skills"": [""office administration"", ""front office support"", ""training""], ""defining_responsibility_signals"": [""assist"", ""provide tools and information""], ""confidence"": ""medium"", ""rep_rank"": 2, ""attempt"": 1, ""raw_output"": ""{\""community_id\"": 410, \""dominant_experience_level\"": \""junior\"", \""entry_accessibility\"": \""clear_entry_point\"", \""community_label\"": \""Office Administrators\"", \""defining_skills\"": [\""office administration\"", \""front office support\"", \""training\""], \""defining_responsibility_signals\"": [\""assist\"", \""provide tools and information\""], \""confidence\"": \""medium\""}""}, {""community_id"": 410, ""dominant_experience_level"": ""junior"", ""entry_accessibility"": ""clear_entry_point"", ""community_label"": ""Office Administrators"", ""defining_skills"": [""office administrator"", ""front office"", ""tools training""], ""defining_responsibility_signals"": [""assist"", ""provide tools and information""], ""confidence"": ""medium"", ""rep_rank"": 3, ""attempt"": 1, ""raw_output"": ""{\""community_id\"": 410, \""dominant_experience_level\"": \""junior\"", \""entry_accessibility\"": \""clear_entry_point\"", \""community_label\"": \""Office Administrators\"", \""defining_skills\"": [\""office administrator\"", \""front office\"", \""tools training\""], \""defining_responsibility_signals\"": [\""assist\"", \""provide tools and information\""], \""confidence\"": \""medium\""}""}]",17
411,31,mid,restricted_entry_point,Retail Sales Supervisor,"['leadership', 'retail experience', 'team management']","['supervise team', 'empower team members']",high,1.0,1.0,1.0,1.0,3,"supervisor, retail, sales, stocking, manager, store, route, representative, shop, print, marketing, dairy","[{""community_id"": 411, ""dominant_experience_level"": ""mid"", ""entry_accessibility"": ""restricted_entry_point"", ""community_label"": ""Retail Sales Supervisor"", ""defining_skills"": [""leadership"", ""retail experience"", ""team management""], ""defining_responsibility_signals"": [""supervise team"", ""empower team members""], ""confidence"": ""high"", ""rep_rank"": 1, ""attempt"": 1, ""raw_output"": ""{\""community_id\"": 411, \""dominant_experience_level\"": \""mid\"", \""entry_accessibility\"": \""restricted_entry_point\"", \""community_label\"": \""Retail Sales Supervisor\"", \""defining_skills\"": [\""leadership\"", \""retail experience\"", \""team management\""], \""defining_responsibility_signals\"": [\""supervise team\"", \""empower team members\""], \""confidence\"": \""high\""}""}, {""community_id"": 411, ""dominant_experience_level"": ""mid"", ""entry_accessibility"": ""restricted_entry_point"", ""community_label"": ""Retail Sales Supervisor"", ""defining_skills"": [""leadership"", ""retail experience"", ""team management""], ""defining_responsibility_signals"": [""supervise team"", ""empower team members""], ""confidence"": ""high"", ""rep_rank"": 2, ""attempt"": 1, ""raw_output"": ""{\""community_id\"": 411, \""dominant_experience_level\"": \""mid\"", \""entry_accessibility\"": \""restricted_entry_point\"", \""community_label\"": \""Retail Sales Supervisor\"", \""defining_skills\"": [\""leadership\"", \""retail experience\"", \""team management\""], \""defining_responsibility_signals\"": [\""supervise team\"", \""empower team members\""], \""confidence\"": \""high\""}""}, {""community_id"": 411, ""dominant_experience_level"": ""mid"", ""entry_accessibility"": ""restricted_entry_point"", ""community_label"": ""Retail Sales Supervisor"", ""defining_skills"": [""leadership"", ""retail experience"", ""team management""], ""defining_responsibility_signals"": [""supervise team"", ""empower team members""], ""confidence"": ""high"", ""rep_rank"": 3, ""attempt"": 1, ""raw_output"": ""{\""community_id\"": 411, \""dominant_experience_level\"": \""mid\"", \""entry_accessibility\"": \""restricted_entry_point\"", \""community_label\"": \""Retail Sales Supervisor\"", \""defining_skills\"": [\""leadership\"", \""retail experience\"", \""team management\""], \""defining_responsibility_signals\"": [\""supervise team\"", \""empower team members\""], \""confidence\"": \""high\""}""}]",17
412,31,senior,restricted_entry_point,Senior Highway Engineers,"['civil engineering', 'project management', 'transportation infrastructure']","['lead engineering team', 'win work']",high,0.667,0.667,0.333,0.556,3,"senior, engineer, manager, project, highway, transportation, structural, roadway, bridge, electrical, design, engineering","[{""community_id"": 412, ""dominant_experience_level"": ""senior"", ""entry_accessibility"": ""restricted_entry_point"", ""community_label"": ""Senior Highway Engineers"", ""defining_skills"": [""civil engineering"", ""project management"", ""transportation infrastructure""], ""defining_responsibility_signals"": [""lead engineering team"", ""win work""], ""confidence"": ""high"", ""rep_rank"": 1, ""attempt"": 1, ""raw_output"": ""{\""community_id\"": 412, \""dominant_experience_level\"": \""senior\"", \""entry_accessibility\"": \""restricted_entry_point\"", \""community_label\"": \""Senior Highway Engineers\"", \""defining_skills\"": [\""civil engineering\"", \""project management\"", \""transportation infrastructure\""], \""defining_responsibility_signals\"": [\""lead engineering team\"", \""win work\""], \""confidence\"": \""high\""}""}, {""community_id"": 412, ""dominant_experience_level"": ""senior"", ""entry_accessibility"": ""restricted_entry_point"", ""community_label"": ""Senior Engineer"", ""defining_skills"": [""civil engineering"", ""project management"", ""transportation infrastructure""], ""defining_responsibility_signals"": [""lead engineering team"", ""win work""], ""confidence"": ""high"", ""rep_rank"": 2, ""attempt"": 1, ""raw_output"": ""{\""community_id\"": 412, \""dominant_experience_level\"": \""senior\"", \""entry_accessibility\"": \""restricted_entry_point\"", \""community_label\"": \""Senior Engineer\"", \""defining_skills\"": [\""civil engineering\"", \""project management\"", \""transportation infrastructure\""], \""defining_responsibility_signals\"": [\""lead engineering team\"", \""win work\""], \""confidence\"": \""high\""}""}, {""community_id"": 412, ""dominant_experience_level"": ""mid"", ""entry_accessibility"": ""moderate_entry_barrier"", ""community_label"": ""Transportation Engineers"", ""defining_skills"": [""bridge design"", ""highway engineering"", ""structural design""], ""defining_responsibility_signals"": [""project management"", ""team collaboration""], ""confidence"": ""medium"", ""rep_rank"": 3, ""attempt"": 1, ""raw_output"": ""{\""community_id\"": 412, \""dominant_experience_level\"": \""mid\"", \""entry_accessibility\"": \""moderate_entry_barrier\"", \""community_label\"": \""Transportation Engineers\"", \""defining_skills\"": [\""bridge design\"", \""highway engineering\"", \""structural design\""], \""defining_responsibility_signals\"": [\""project management\"", \""team collaboration\""], \""confidence\"": \""medium\""}""}]",17
413,31,mid,moderate_entry_barrier,AI Product Engineers,"['generative AI', 'machine learning', 'software engineering']","['product engineering', 'lead']",high,1.0,1.0,0.667,0.889,3,"engineer, senior, machine, learning, lead, generative, eligible, software, engineering, data, scientist, product","[{""community_id"": 413, ""dominant_experience_level"": ""mid"", ""entry_accessibility"": ""moderate_entry_barrier"", ""community_label"": ""AI Product Engineering"", ""defining_skills"": [""generative AI"", ""machine learning"", ""software engineering""], ""defining_responsibility_signals"": [""people leader"", ""product engineering""], ""confidence"": ""high"", ""rep_rank"": 1, ""attempt"": 1, ""raw_output"": ""{\""community_id\"": 413, \""dominant_experience_level\"": \""mid\"", \""entry_accessibility\"": \""moderate_entry_barrier\"", \""community_label\"": \""AI Product Engineering\"", \""defining_skills\"": [\""generative AI\"", \""machine learning\"", \""software engineering\""], \""defining_responsibility_signals\"": [\""people leader\"", \""product engineering\""], \""confidence\"": \""high\""}""}, {""community_id"": 413, ""dominant_experience_level"": ""mid"", ""entry_accessibility"": ""moderate_entry_barrier"", ""community_label"": ""AI Product Engineers"", ""defining_skills"": [""generative AI"", ""machine learning"", ""software engineering""], ""defining_responsibility_signals"": [""lead"", ""architect""], ""confidence"": ""high"", ""rep_rank"": 2, ""attempt"": 1, ""raw_output"": ""{\""community_id\"": 413, \""dominant_experience_level\"": \""mid\"", \""entry_accessibility\"": \""moderate_entry_barrier\"", \""community_label\"": \""AI Product Engineers\"", \""defining_skills\"": [\""generative AI\"", \""machine learning\"", \""software engineering\""], \""defining_responsibility_signals\"": [\""lead\"", \""architect\""], \""confidence\"": \""high\""}""}, {""community_id"": 413, ""dominant_experience_level"": ""mid"", ""entry_accessibility"": ""moderate_entry_barrier"", ""community_label"": ""AI Product Engineers"", ""defining_skills"": [""generative AI"", ""machine learning"", ""software engineering""], ""defining_responsibility_signals"": [""lead"", ""product engineering""], ""confidence"": ""high"", ""rep_rank"": 3, ""attempt"": 1, ""raw_output"": ""{\""community_id\"": 413, \""dominant_experience_level\"": \""mid\"", \""entry_accessibility\"": \""moderate_entry_barrier\"", \""community_label\"": \""AI Product Engineers\"", \""defining_skills\"": [\""generative AI\"", \""machine learning\"", \""software engineering\""], \""defining_responsibility_signals\"": [\""lead\"", \""product engineering\""], \""confidence\"": \""high\""}""}]",17
414,31,mid,moderate_entry_barrier,Health & Safety Management,"['risk assessment', 'health and safety management', 'safety protocols']","['manage safety programs', 'coordinate safety teams']",medium,1.0,1.0,0.333,0.778,3,"safety, manager, health, environmental, coordinator, site, environment, director, branch, specialist, risk, hse","[{""community_id"": 414, ""dominant_experience_level"": ""mid"", ""entry_accessibility"": ""moderate_entry_barrier"", ""community_label"": ""Health & Safety Management"", ""defining_skills"": [""health and safety management"", ""risk assessment"", ""safety protocols""], ""defining_responsibility_signals"": [""manage safety programs"", ""coordinate safety teams""], ""confidence"": ""medium"", ""rep_rank"": 1, ""attempt"": 1, ""raw_output"": ""{\""community_id\"": 414, \""dominant_experience_level\"": \""mid\"", \""entry_accessibility\"": \""moderate_entry_barrier\"", \""community_label\"": \""Health & Safety Management\"", \""defining_skills\"": [\""health and safety management\"", \""risk assessment\"", \""safety protocols\""], \""defining_responsibility_signals\"": [\""manage safety programs\"", \""coordinate safety teams\""], \""confidence\"": \""medium\""}""}, {""community_id"": 414, ""dominant_experience_level"": ""mid"", ""entry_accessibility"": ""moderate_entry_barrier"", ""community_label"": ""Health & Safety Specialists"", ""defining_skills"": [""risk mitigation"", ""regulatory compliance"", ""program development""], ""defining_responsibility_signals"": [""assist in development and deployment of programs"", ""ensure safety and regulatory requirements""], ""confidence"": ""medium"", ""rep_rank"": 2, ""attempt"": 1, ""raw_output"": ""{\""community_id\"": 414, \""dominant_experience_level\"": \""mid\"", \""entry_accessibility\"": \""moderate_entry_barrier\"", \""community_label\"": \""Health & Safety Specialists\"", \""defining_skills\"": [\""risk mitigation\"", \""regulatory compliance\"", \""program development\""], \""defining_responsibility_signals\"": [\""assist in development and deployment of programs\"", \""ensure safety and regulatory requirements\""], \""confidence\"": \""medium\""}""}, {""community_id"": 414, ""dominant_experience_level"": ""mid"", ""entry_accessibility"": ""moderate_entry_barrier"", ""community_label"": ""Environmental Health Safety"", ""defining_skills"": [""safety management"", ""environmental compliance"", ""risk assessment""], ""defining_responsibility_signals"": [""support plants"", ""report to manager""], ""confidence"": ""medium"", ""rep_rank"": 3, ""attempt"": 1, ""raw_output"": ""{\""community_id\"": 414, \""dominant_experience_level\"": \""mid\"", \""entry_accessibility\"": \""moderate_entry_barrier\"", \""community_label\"": \""Environmental Health Safety\"", \""defining_skills\"": [\""safety management\"", \""environmental compliance\"", \""risk assessment\""], \""defining_responsibility_signals\"": [\""support plants\"", \""report to manager\""], \""confidence\"": \""medium\""}""}]",17
415,31,mid,moderate_entry_barrier,Quality Control Chemists,"['analytical skills', 'chemistry', 'quality control']","['maintain quality standards', 'coordinate laboratory activities']",medium,1.0,1.0,0.333,0.778,3,"chemist, quality, control, laboratory, research, senior, analytical, scientist, sample, coordinator, microbiology, validation","[{""community_id"": 415, ""dominant_experience_level"": ""mid"", ""entry_accessibility"": ""moderate_entry_barrier"", ""community_label"": ""Quality Control Chemists"", ""defining_skills"": [""analytical skills"", ""chemistry"", ""quality control""], ""defining_responsibility_signals"": [""maintain quality standards"", ""coordinate laboratory activities""], ""confidence"": ""medium"", ""rep_rank"": 1, ""attempt"": 1, ""raw_output"": ""{\""community_id\"": 415, \""dominant_experience_level\"": \""mid\"", \""entry_accessibility\"": \""moderate_entry_barrier\"", \""community_label\"": \""Quality Control Chemists\"", \""defining_skills\"": [\""analytical skills\"", \""chemistry\"", \""quality control\""], \""defining_responsibility_signals\"": [\""maintain quality standards\"", \""coordinate laboratory activities\""], \""confidence\"": \""medium\""}""}, {""community_id"": 415, ""dominant_experience_level"": ""mid"", ""entry_accessibility"": ""moderate_entry_barrier"", ""community_label"": ""Chemistry Formulation Scientist"", ""defining_skills"": [""formulation development"", ""R&D"", ""manufacturing""], ""defining_responsibility_signals"": [""support current and new products"", ""provide support""], ""confidence"": ""medium"", ""rep_rank"": 2, ""attempt"": 1, ""raw_output"": ""{\""community_id\"": 415, \""dominant_experience_level\"": \""mid\"", \""entry_accessibility\"": \""moderate_entry_barrier\"", \""community_label\"": \""Chemistry Formulation Scientist\"", \""defining_skills\"": [\""formulation development\"", \""R&D\"", \""manufacturing\""], \""defining_responsibility_signals\"": [\""support current and new products\"", \""provide support\""], \""confidence\"": \""medium\""}""}, {""community_id"": 415, ""dominant_experience_level"": ""mid"", ""entry_accessibility"": ""moderate_entry_barrier"", ""community_label"": ""Quality Control Scientists"", ""defining_skills"": [""analytical functions"", ""validation testing"", ""reporting""], ""defining_responsibility_signals"": [""supporting validation testing"", ""ensuring activities occur""], ""confidence"": ""medium"", ""rep_rank"": 3, ""attempt"": 1, ""raw_output"": ""{\""community_id\"": 415, \""dominant_experience_level\"": \""mid\"", \""entry_accessibility\"": \""moderate_entry_barrier\"", \""community_label\"": \""Quality Control Scientists\"", \""defining_skills\"": [\""analytical functions\"", \""validation testing\"", \""reporting\""], \""defining_responsibility_signals\"": [\""supporting validation testing\"", \""ensuring activities occur\""], \""confidence\"": \""medium\""}""}]",17
416,31,mid,restricted_entry_point,Mental Health Specialists,"['medical support', 'clinical support', 'behavioral health duties']","['provide medical/clinical support', 'perform medical/behavioral health duties']",high,1.0,0.667,0.667,0.778,3,"psychiatric, nurse, practitioner, psychiatrist, health, mental, specialist, pmhnp, medical, psychologist, staff, behavioral","[{""community_id"": 416, ""dominant_experience_level"": ""mid"", ""entry_accessibility"": ""moderate_entry_barrier"", ""community_label"": ""Mental Health Specialist"", ""defining_skills"": [""medical support"", ""clinical support"", ""behavioral health duties""], ""defining_responsibility_signals"": [""provide medical/clinical support"", ""perform medical/behavioral health duties""], ""confidence"": ""high"", ""rep_rank"": 1, ""attempt"": 1, ""raw_output"": ""{\""community_id\"": 416, \""dominant_experience_level\"": \""mid\"", \""entry_accessibility\"": \""moderate_entry_barrier\"", \""community_label\"": \""Mental Health Specialist\"", \""defining_skills\"": [\""medical support\"", \""clinical support\"", \""behavioral health duties\""], \""defining_responsibility_signals\"": [\""provide medical/clinical support\"", \""perform medical/behavioral health duties\""], \""confidence\"": \""high\""}""}, {""community_id"": 416, ""dominant_experience_level"": ""mid"", ""entry_accessibility"": ""restricted_entry_point"", ""community_label"": ""Mental Health Specialists"", ""defining_skills"": [""psychiatric care"", ""mental health"", ""behavioral health""], ""defining_responsibility_signals"": [""provide care"", ""treat patients""], ""confidence"": ""high"", ""rep_rank"": 2, ""attempt"": 1, ""raw_output"": ""{\""community_id\"": 416, \""dominant_experience_level\"": \""mid\"", \""entry_accessibility\"": \""restricted_entry_point\"", \""community_label\"": \""Mental Health Specialists\"", \""defining_skills\"": [\""psychiatric care\"", \""mental health\"", \""behavioral health\""], \""defining_responsibility_signals\"": [\""provide care\"", \""treat patients\""], \""confidence\"": \""high\""}""}, {""community_id"": 416, ""dominant_experience_level"": ""mid"", ""entry_accessibility"": ""restricted_entry_point"", ""community_label"": ""Mental Health Specialists"", ""defining_skills"": [""psychological assessment"", ""therapeutic interventions"", ""mental health diagnosis""], ""defining_responsibility_signals"": [""provide clinical services"", ""collaborate with multidisciplinary team""], ""confidence"": ""high"", ""rep_rank"": 3, ""attempt"": 1, ""raw_output"": ""{\""community_id\"": 416, \""dominant_experience_level\"": \""mid\"", \""entry_accessibility\"": \""restricted_entry_point\"", \""community_label\"": \""Mental Health Specialists\"", \""defining_skills\"": [\""psychological assessment\"", \""therapeutic interventions\"", \""mental health diagnosis\""], \""defining_responsibility_signals\"": [\""provide clinical services\"", \""collaborate with multidisciplinary team\""], \""confidence\"": \""high\""}""}]",17
417,31,junior,clear_entry_point,Software Internships,"['software development', 'engineering', 'program management']","['internship', 'summer program']",high,1.0,1.0,1.0,1.0,3,"intern, summer, 2024, software, internship, development, engineer, engineering, program, management, campus, fall","[{""community_id"": 417, ""dominant_experience_level"": ""junior"", ""entry_accessibility"": ""clear_entry_point"", ""community_label"": ""Software Internships"", ""defining_skills"": [""software development"", ""engineering"", ""program management""], ""defining_responsibility_signals"": [""internship"", ""summer program""], ""confidence"": ""high"", ""rep_rank"": 1, ""attempt"": 1, ""raw_output"": ""{\""community_id\"": 417, \""dominant_experience_level\"": \""junior\"", \""entry_accessibility\"": \""clear_entry_point\"", \""community_label\"": \""Software Internships\"", \""defining_skills\"": [\""software development\"", \""engineering\"", \""program management\""], \""defining_responsibility_signals\"": [\""internship\"", \""summer program\""], \""confidence\"": \""high\""}""}, {""community_id"": 417, ""dominant_experience_level"": ""junior"", ""entry_accessibility"": ""clear_entry_point"", ""community_label"": ""Software Internships"", ""defining_skills"": [""software development"", ""engineering"", ""program management""], ""defining_responsibility_signals"": [""internship"", ""summer program""], ""confidence"": ""high"", ""rep_rank"": 2, ""attempt"": 1, ""raw_output"": ""{\""community_id\"": 417, \""dominant_experience_level\"": \""junior\"", \""entry_accessibility\"": \""clear_entry_point\"", \""community_label\"": \""Software Internships\"", \""defining_skills\"": [\""software development\"", \""engineering\"", \""program management\""], \""defining_responsibility_signals\"": [\""internship\"", \""summer program\""], \""confidence\"": \""high\""}""}, {""community_id"": 417, ""dominant_experience_level"": ""junior"", ""entry_accessibility"": ""clear_entry_point"", ""community_label"": ""Software Internships"", ""defining_skills"": [""software development"", ""engineering"", ""program management""], ""defining_responsibility_signals"": [""internship"", ""summer program""], ""confidence"": ""high"", ""rep_rank"": 3, ""attempt"": 1, ""raw_output"": ""{\""community_id\"": 417, \""dominant_experience_level\"": \""junior\"", \""entry_accessibility\"": \""clear_entry_point\"", \""community_label\"": \""Software Internships\"", \""defining_skills\"": [\""software development\"", \""engineering\"", \""program management\""], \""defining_responsibility_signals\"": [\""internship\"", \""summer program\""], \""confidence\"": \""high\""}""}]",17
418,31,mid,moderate_entry_barrier,Packaging Engineers,"['packaging', 'engineering', 'innovation']","['collaborate', 'produce results']",medium,0.667,0.667,0.667,0.667,3,"packaging, engineer, senior, manager, development, shift, operations, new, principal, designer, maintenance, tech","[{""community_id"": 418, ""dominant_experience_level"": ""mid"", ""entry_accessibility"": ""moderate_entry_barrier"", ""community_label"": ""Packaging Engineers"", ""defining_skills"": [""packaging"", ""engineering"", ""innovation""], ""defining_responsibility_signals"": [""collaborate"", ""produce results""], ""confidence"": ""medium"", ""rep_rank"": 1, ""attempt"": 1, ""raw_output"": ""{\""community_id\"": 418, \""dominant_experience_level\"": \""mid\"", \""entry_accessibility\"": \""moderate_entry_barrier\"", \""community_label\"": \""Packaging Engineers\"", \""defining_skills\"": [\""packaging\"", \""engineering\"", \""innovation\""], \""defining_responsibility_signals\"": [\""collaborate\"", \""produce results\""], \""confidence\"": \""medium\""}""}, {""community_id"": 418, ""dominant_experience_level"": ""senior"", ""entry_accessibility"": ""restricted_entry_point"", ""community_label"": ""Packaging Engineering"", ""defining_skills"": [""packaging engineering"", ""project management"", ""product launches""], ""defining_responsibility_signals"": [""lead engineering efforts"", ""manage projects""], ""confidence"": ""high"", ""rep_rank"": 2, ""attempt"": 1, ""raw_output"": ""{\""community_id\"": 418, \""dominant_experience_level\"": \""senior\"", \""entry_accessibility\"": \""restricted_entry_point\"", \""community_label\"": \""Packaging Engineering\"", \""defining_skills\"": [\""packaging engineering\"", \""project management\"", \""product launches\""], \""defining_responsibility_signals\"": [\""lead engineering efforts\"", \""manage projects\""], \""confidence\"": \""high\""}""}, {""community_id"": 418, ""dominant_experience_level"": ""mid"", ""entry_accessibility"": ""moderate_entry_barrier"", ""community_label"": ""Packaging Engineers"", ""defining_skills"": [""packaging innovation"", ""world-class packaging"", ""contribute to success""], ""defining_responsibility_signals"": [""create the future"", ""play a part""], ""confidence"": ""medium"", ""rep_rank"": 3, ""attempt"": 1, ""raw_output"": ""{\""community_id\"": 418, \""dominant_experience_level\"": \""mid\"", \""entry_accessibility\"": \""moderate_entry_barrier\"", \""community_label\"": \""Packaging Engineers\"", \""defining_skills\"": [\""packaging innovation\"", \""world-class packaging\"", \""contribute to success\""], \""defining_responsibility_signals\"": [\""create the future\"", \""play a part\""], \""confidence\"": \""medium\""}""}]",17
419,31,junior,moderate_entry_barrier,Healthcare Support,"['patient care', 'clinical quality', 'admitting procedures']","['assist patients', 'maintain quality standards']",medium,1.0,1.0,0.333,0.778,3,"patient, account, technician, registrar, admitting, med, quality, clinical, supervisor, emergency, nurse, public","[{""community_id"": 419, ""dominant_experience_level"": ""junior"", ""entry_accessibility"": ""moderate_entry_barrier"", ""community_label"": ""Healthcare Support"", ""defining_skills"": [""patient care"", ""clinical quality"", ""admitting procedures""], ""defining_responsibility_signals"": [""assist patients"", ""maintain quality standards""], ""confidence"": ""medium"", ""rep_rank"": 1, ""attempt"": 1, ""raw_output"": ""{\""community_id\"": 419, \""dominant_experience_level\"": \""junior\"", \""entry_accessibility\"": \""moderate_entry_barrier\"", \""community_label\"": \""Healthcare Support\"", \""defining_skills\"": [\""patient care\"", \""clinical quality\"", \""admitting procedures\""], \""defining_responsibility_signals\"": [\""assist patients\"", \""maintain quality standards\""], \""confidence\"": \""medium\""}""}, {""community_id"": 419, ""dominant_experience_level"": ""junior"", ""entry_accessibility"": ""moderate_entry_barrier"", ""community_label"": ""Hospital Support Staff"", ""defining_skills"": [""patient care"", ""admitting"", ""medical terminology""], ""defining_responsibility_signals"": [""assist"", ""support""], ""confidence"": ""medium"", ""rep_rank"": 2, ""attempt"": 1, ""raw_output"": ""{\""community_id\"": 419, \""dominant_experience_level\"": \""junior\"", \""entry_accessibility\"": \""moderate_entry_barrier\"", \""community_label\"": \""Hospital Support Staff\"", \""defining_skills\"": [\""patient care\"", \""admitting\"", \""medical terminology\""], \""defining_responsibility_signals\"": [\""assist\"", \""support\""], \""confidence\"": \""medium\""}""}, {""community_id"": 419, ""dominant_experience_level"": ""junior"", ""entry_accessibility"": ""moderate_entry_barrier"", ""community_label"": ""Hospital Technicians"", ""defining_skills"": [""medical supplies"", ""sterile processing"", ""hospital equipment""], ""defining_responsibility_signals"": [""assist in medical procedures"", ""maintain hospital equipment""], ""confidence"": ""medium"", ""rep_rank"": 3, ""attempt"": 1, ""raw_output"": ""{\""community_id\"": 419, \""dominant_experience_level\"": \""junior\"", \""entry_accessibility\"": \""moderate_entry_barrier\"", \""community_label\"": \""Hospital Technicians\"", \""defining_skills\"": [\""medical supplies\"", \""sterile processing\"", \""hospital equipment\""], \""defining_responsibility_signals\"": [\""assist in medical procedures\"", \""maintain hospital equipment\""], \""confidence\"": \""medium\""}""}]",17
420,31,junior,clear_entry_point,Retail Sales Management,"['sales management', 'part-time work', 'employee relations']","['lead team', 'oversee operations']",medium,1.0,1.0,1.0,1.0,3,"sales, manager, 24h210, 24h150, store, assistant, 24h300, seasonal, 24h115, 24h400, 24h961","[{""community_id"": 420, ""dominant_experience_level"": ""junior"", ""entry_accessibility"": ""clear_entry_point"", ""community_label"": ""Retail Sales Management"", ""defining_skills"": [""sales management"", ""part-time work"", ""employee relations""], ""defining_responsibility_signals"": [""lead team"", ""oversee operations""], ""confidence"": ""medium"", ""rep_rank"": 1, ""attempt"": 1, ""raw_output"": ""{\""community_id\"": 420, \""dominant_experience_level\"": \""junior\"", \""entry_accessibility\"": \""clear_entry_point\"", \""community_label\"": \""Retail Sales Management\"", \""defining_skills\"": [\""sales management\"", \""part-time work\"", \""employee relations\""], \""defining_responsibility_signals\"": [\""lead team\"", \""oversee operations\""], \""confidence\"": \""medium\""}""}, {""community_id"": 420, ""dominant_experience_level"": ""junior"", ""entry_accessibility"": ""clear_entry_point"", ""community_label"": ""Retail Sales Management"", ""defining_skills"": [""sales management"", ""part-time work"", ""employee relations""], ""defining_responsibility_signals"": [""lead team"", ""oversee operations""], ""confidence"": ""medium"", ""rep_rank"": 2, ""attempt"": 1, ""raw_output"": ""{\""community_id\"": 420, \""dominant_experience_level\"": \""junior\"", \""entry_accessibility\"": \""clear_entry_point\"", \""community_label\"": \""Retail Sales Management\"", \""defining_skills\"": [\""sales management\"", \""part-time work\"", \""employee relations\""], \""defining_responsibility_signals\"": [\""lead team\"", \""oversee operations\""], \""confidence\"": \""medium\""}""}, {""community_id"": 420, ""dominant_experience_level"": ""junior"", ""entry_accessibility"": ""clear_entry_point"", ""community_label"": ""Retail Sales Management"", ""defining_skills"": [""sales management"", ""team leadership"", ""customer service""], ""defining_responsibility_signals"": [""full-time"", ""24/7 shift management""], ""confidence"": ""medium"", ""rep_rank"": 3, ""attempt"": 1, ""raw_output"": ""{\""community_id\"": 420, \""dominant_experience_level\"": \""junior\"", \""entry_accessibility\"": \""clear_entry_point\"", \""community_label\"": \""Retail Sales Management\"", \""defining_skills\"": [\""sales management\"", \""team leadership\"", \""customer service\""], \""defining_responsibility_signals\"": [\""full-time\"", \""24/7 shift management\""], \""confidence\"": \""medium\""}""}]",17
421,30,mid,moderate_entry_barrier,Retail Store Management,"['store management', 'customer service', 'team leadership']","['oversee store operations', 'manage team members']",high,1.0,1.0,1.0,1.0,3,"manager, store, assistant, center, retail, mall, director, key, holder, sunglass, hut, winter","[{""community_id"": 421, ""dominant_experience_level"": ""mid"", ""entry_accessibility"": ""moderate_entry_barrier"", ""community_label"": ""Retail Store Management"", ""defining_skills"": [""store management"", ""team leadership"", ""customer service""], ""defining_responsibility_signals"": [""oversee store operations"", ""manage team members""], ""confidence"": ""high"", ""rep_rank"": 1, ""attempt"": 1, ""raw_output"": ""{\""community_id\"": 421, \""dominant_experience_level\"": \""mid\"", \""entry_accessibility\"": \""moderate_entry_barrier\"", \""community_label\"": \""Retail Store Management\"", \""defining_skills\"": [\""store management\"", \""team leadership\"", \""customer service\""], \""defining_responsibility_signals\"": [\""oversee store operations\"", \""manage team members\""], \""confidence\"": \""high\""}""}, {""community_id"": 421, ""dominant_experience_level"": ""mid"", ""entry_accessibility"": ""moderate_entry_barrier"", ""community_label"": ""Retail Store Management"", ""defining_skills"": [""store management"", ""team coordination"", ""customer service""], ""defining_responsibility_signals"": [""oversee store operations"", ""manage team""], ""confidence"": ""high"", ""rep_rank"": 2, ""attempt"": 1, ""raw_output"": ""{\""community_id\"": 421, \""dominant_experience_level\"": \""mid\"", \""entry_accessibility\"": \""moderate_entry_barrier\"", \""community_label\"": \""Retail Store Management\"", \""defining_skills\"": [\""store management\"", \""team coordination\"", \""customer service\""], \""defining_responsibility_signals\"": [\""oversee store operations\"", \""manage team\""], \""confidence\"": \""high\""}""}, {""community_id"": 421, ""dominant_experience_level"": ""mid"", ""entry_accessibility"": ""moderate_entry_barrier"", ""community_label"": ""Retail Store Management"", ""defining_skills"": [""store management"", ""team leadership"", ""customer service""], ""defining_responsibility_signals"": [""oversee store operations"", ""manage team members""], ""confidence"": ""high"", ""rep_rank"": 3, ""attempt"": 1, ""raw_output"": ""{\""community_id\"": 421, \""dominant_experience_level\"": \""mid\"", \""entry_accessibility\"": \""moderate_entry_barrier\"", \""community_label\"": \""Retail Store Management\"", \""defining_skills\"": [\""store management\"", \""team leadership\"", \""customer service\""], \""defining_responsibility_signals\"": [\""oversee store operations\"", \""manage team members\""], \""confidence\"": \""high\""}""}]",17
422,30,mid,moderate_entry_barrier,Hospice Care,"['clinical expertise', 'care management', 'communication']","['provide care', 'coordinate services']",medium,1.0,1.0,1.0,1.0,3,"hospice, volunteer, manager, home, registered, nurse, care, prn, clinical, director, medical, social","[{""community_id"": 422, ""dominant_experience_level"": ""mid"", ""entry_accessibility"": ""moderate_entry_barrier"", ""community_label"": ""Hospice Care"", ""defining_skills"": [""clinical expertise"", ""care management"", ""communication""], ""defining_responsibility_signals"": [""provide care"", ""coordinate services""], ""confidence"": ""medium"", ""rep_rank"": 1, ""attempt"": 1, ""raw_output"": ""{\""community_id\"": 422, \""dominant_experience_level\"": \""mid\"", \""entry_accessibility\"": \""moderate_entry_barrier\"", \""community_label\"": \""Hospice Care\"", \""defining_skills\"": [\""clinical expertise\"", \""care management\"", \""communication\""], \""defining_responsibility_signals\"": [\""provide care\"", \""coordinate services\""], \""confidence\"": \""medium\""}""}, {""community_id"": 422, ""dominant_experience_level"": ""mid"", ""entry_accessibility"": ""moderate_entry_barrier"", ""community_label"": ""Hospice Care"", ""defining_skills"": [""clinical expertise"", ""care management"", ""leadership""], ""defining_responsibility_signals"": [""direct care"", ""team coordination""], ""confidence"": ""medium"", ""rep_rank"": 2, ""attempt"": 1, ""raw_output"": ""{\""community_id\"": 422, \""dominant_experience_level\"": \""mid\"", \""entry_accessibility\"": \""moderate_entry_barrier\"", \""community_label\"": \""Hospice Care\"", \""defining_skills\"": [\""clinical expertise\"", \""care management\"", \""leadership\""], \""defining_responsibility_signals\"": [\""direct care\"", \""team coordination\""], \""confidence\"": \""medium\""}""}, {""community_id"": 422, ""dominant_experience_level"": ""mid"", ""entry_accessibility"": ""moderate_entry_barrier"", ""community_label"": ""Hospice Care"", ""defining_skills"": [""registered nurse (RN)"", ""hospice care"", ""clinical skills""], ""defining_responsibility_signals"": [""provide care"", ""assist patients""], ""confidence"": ""medium"", ""rep_rank"": 3, ""attempt"": 1, ""raw_output"": ""{\""community_id\"": 422, \""dominant_experience_level\"": \""mid\"", \""entry_accessibility\"": \""moderate_entry_barrier\"", \""community_label\"": \""Hospice Care\"", \""defining_skills\"": [\""registered nurse (RN)\"", \""hospice care\"", \""clinical skills\""], \""defining_responsibility_signals\"": [\""provide care\"", \""assist patients\""], \""confidence\"": \""medium\""}""}]",17
423,30,mid,moderate_entry_barrier,Construction Project Management,"['project management', 'Autocad', 'Building Codes']","['Designing', 'Obtaining Building Permits']",medium,1.0,1.0,0.333,0.778,3,"project, manager, engineer, construction, designer, architect, specialist, design, mechanical, senior, commercial, property","[{""community_id"": 423, ""dominant_experience_level"": ""mid"", ""entry_accessibility"": ""moderate_entry_barrier"", ""community_label"": ""Construction Project Management"", ""defining_skills"": [""Autocad"", ""Building Codes"", ""Construction Documentation""], ""defining_responsibility_signals"": [""Designing"", ""Obtaining Building Permits""], ""confidence"": ""medium"", ""rep_rank"": 1, ""attempt"": 1, ""raw_output"": ""{\""community_id\"": 423, \""dominant_experience_level\"": \""mid\"", \""entry_accessibility\"": \""moderate_entry_barrier\"", \""community_label\"": \""Construction Project Management\"", \""defining_skills\"": [\""Autocad\"", \""Building Codes\"", \""Construction Documentation\""], \""defining_responsibility_signals\"": [\""Designing\"", \""Obtaining Building Permits\""], \""confidence\"": \""medium\""}""}, {""community_id"": 423, ""dominant_experience_level"": ""mid"", ""entry_accessibility"": ""moderate_entry_barrier"", ""community_label"": ""Construction Engineers"", ""defining_skills"": [""project management"", ""mechanical design"", ""construction management""], ""defining_responsibility_signals"": [""directs inspectors"", ""solves construction issues""], ""confidence"": ""medium"", ""rep_rank"": 2, ""attempt"": 1, ""raw_output"": ""{\""community_id\"": 423, \""dominant_experience_level\"": \""mid\"", \""entry_accessibility\"": \""moderate_entry_barrier\"", \""community_label\"": \""Construction Engineers\"", \""defining_skills\"": [\""project management\"", \""mechanical design\"", \""construction management\""], \""defining_responsibility_signals\"": [\""directs inspectors\"", \""solves construction issues\""], \""confidence\"": \""medium\""}""}, {""community_id"": 423, ""dominant_experience_level"": ""mid"", ""entry_accessibility"": ""moderate_entry_barrier"", ""community_label"": ""Construction Project Managers"", ""defining_skills"": [""project management"", ""construction"", ""design""], ""defining_responsibility_signals"": [""define project direction"", ""manage teams""], ""confidence"": ""medium"", ""rep_rank"": 3, ""attempt"": 1, ""raw_output"": ""{\""community_id\"": 423, \""dominant_experience_level\"": \""mid\"", \""entry_accessibility\"": \""moderate_entry_barrier\"", \""community_label\"": \""Construction Project Managers\"", \""defining_skills\"": [\""project management\"", \""construction\"", \""design\""], \""defining_responsibility_signals\"": [\""define project direction\"", \""manage teams\""], \""confidence\"": \""medium\""}""}]",17
424,30,junior,clear_entry_point,Retail Shopper,"['customer service', 'merchandising', 'grocery delivery']","['in-store tasks', 'part-time seasonal work']",high,1.0,1.0,0.667,0.889,3,"store, shopper, seasonal, manager, maintenance, office, retail, merchandising, specialist, crew, member, certified","[{""community_id"": 424, ""dominant_experience_level"": ""junior"", ""entry_accessibility"": ""clear_entry_point"", ""community_label"": ""In-store Shopper"", ""defining_skills"": [""customer service"", ""retail"", ""merchandising""], ""defining_responsibility_signals"": [""in-store tasks"", ""part-time seasonal work""], ""confidence"": ""high"", ""rep_rank"": 1, ""attempt"": 1, ""raw_output"": ""{\""community_id\"": 424, \""dominant_experience_level\"": \""junior\"", \""entry_accessibility\"": \""clear_entry_point\"", \""community_label\"": \""In-store Shopper\"", \""defining_skills\"": [\""customer service\"", \""retail\"", \""merchandising\""], \""defining_responsibility_signals\"": [\""in-store tasks\"", \""part-time seasonal work\""], \""confidence\"": \""high\""}""}, {""community_id"": 424, ""dominant_experience_level"": ""junior"", ""entry_accessibility"": ""clear_entry_point"", ""community_label"": ""Retail Shopper"", ""defining_skills"": [""customer service"", ""merchandising"", ""grocery delivery""], ""defining_responsibility_signals"": [""in-store tasks"", ""part-time seasonal work""], ""confidence"": ""high"", ""rep_rank"": 2, ""attempt"": 1, ""raw_output"": ""{\""community_id\"": 424, \""dominant_experience_level\"": \""junior\"", \""entry_accessibility\"": \""clear_entry_point\"", \""community_label\"": \""Retail Shopper\"", \""defining_skills\"": [\""customer service\"", \""merchandising\"", \""grocery delivery\""], \""defining_responsibility_signals\"": [\""in-store tasks\"", \""part-time seasonal work\""], \""confidence\"": \""high\""}""}, {""community_id"": 424, ""dominant_experience_level"": ""junior"", ""entry_accessibility"": ""clear_entry_point"", ""community_label"": ""Retail Shopper"", ""defining_skills"": [""customer service"", ""grocery delivery"", ""part-time seasonal""], ""defining_responsibility_signals"": [""in-store shopper"", ""prime now customer service""], ""confidence"": ""high"", ""rep_rank"": 3, ""attempt"": 1, ""raw_output"": ""{\""community_id\"": 424, \""dominant_experience_level\"": \""junior\"", \""entry_accessibility\"": \""clear_entry_point\"", \""community_label\"": \""Retail Shopper\"", \""defining_skills\"": [\""customer service\"", \""grocery delivery\"", \""part-time seasonal\""], \""defining_responsibility_signals\"": [\""in-store shopper\"", \""prime now customer service\""], \""confidence\"": \""high\""}""}]",17
